Id,Expected
IMG_102421d53ebe-5360-11ec-9a74-ec2e98cc05dc.jpg,3
IMG_104821b4661b-5360-11ec-bb9e-ec2e98cc05dc.jpg,2
IMG_1054226a5398-5360-11ec-ae09-ec2e98cc05dc.jpg,7
IMG_11022560a8a-5360-11ec-a3d1-ec2e98cc05dc.jpg,7
IMG_111321a7bc6f-5360-11ec-998e-ec2e98cc05dc.jpg,2
IMG_1121e3ea7b-5360-11ec-9540-ec2e98cc05dc.jpg,2
IMG_114421c46ce8-5360-11ec-a07f-ec2e98cc05dc.jpg,5
IMG_1159218e74c6-5360-11ec-94e0-ec2e98cc05dc.jpg,2
IMG_115922329db1-5360-11ec-b092-ec2e98cc05dc.jpg,7
IMG_1162217e917a-5360-11ec-a55e-ec2e98cc05dc.jpg,0
IMG_116521932665-5360-11ec-b54f-ec2e98cc05dc.jpg,6
IMG_1175227e9399-5360-11ec-b4ad-ec2e98cc05dc.jpg,7
IMG_1177223e620f-5360-11ec-aec9-ec2e98cc05dc.jpg,7
IMG_11882267a8f6-5360-11ec-820d-ec2e98cc05dc.jpg,7
IMG_122227b97c-5360-11ec-947e-ec2e98cc05dc.jpg,7
IMG_123321ba364d-5360-11ec-8e2e-ec2e98cc05dc.jpg,6
IMG_1238213b9c39-5360-11ec-bd61-ec2e98cc05dc.jpg,7
IMG_123921bf63b6-5360-11ec-a4a7-ec2e98cc05dc.jpg,6
IMG_1245215496cc-5360-11ec-b2e1-ec2e98cc05dc.jpg,7
IMG_126227c5c44-5360-11ec-9d12-ec2e98cc05dc.jpg,7
IMG_1266228276e0-5360-11ec-a853-ec2e98cc05dc.jpg,7
IMG_1299224833f5-5360-11ec-bbf6-ec2e98cc05dc.jpg,7
IMG_130821daea15-5360-11ec-8278-ec2e98cc05dc.jpg,3
IMG_13192166d608-5360-11ec-b1eb-ec2e98cc05dc.jpg,0
IMG_132321b62fa5-5360-11ec-80b9-ec2e98cc05dc.jpg,6
IMG_133621598926-5360-11ec-80a4-ec2e98cc05dc.jpg,5
IMG_135521ac5f02-5360-11ec-a65e-ec2e98cc05dc.jpg,7
IMG_136021619c87-5360-11ec-8029-ec2e98cc05dc.jpg,5
IMG_137922582c12-5360-11ec-9075-ec2e98cc05dc.jpg,7
IMG_13852218d979-5360-11ec-a5c9-ec2e98cc05dc.jpg,6
IMG_13912164aa23-5360-11ec-910b-ec2e98cc05dc.jpg,5
IMG_1410217bf0ed-5360-11ec-ad96-ec2e98cc05dc.jpg,3
IMG_14122283eacb-5360-11ec-8380-ec2e98cc05dc.jpg,7
IMG_141322535e86-5360-11ec-a153-ec2e98cc05dc.jpg,7
IMG_142522629261-5360-11ec-8358-ec2e98cc05dc.jpg,7
IMG_1435214926b0-5360-11ec-a913-ec2e98cc05dc.jpg,7
IMG_143822681e28-5360-11ec-930b-ec2e98cc05dc.jpg,7
IMG_14442179947b-5360-11ec-9c02-ec2e98cc05dc.jpg,3
IMG_145421cfc4e9-5360-11ec-b5d1-ec2e98cc05dc.jpg,3
IMG_146021fa5157-5360-11ec-b581-ec2e98cc05dc.jpg,5
IMG_1462215eb692-5360-11ec-828a-ec2e98cc05dc.jpg,5
IMG_1473223e892a-5360-11ec-bee3-ec2e98cc05dc.jpg,7
IMG_14882195706c-5360-11ec-9a67-ec2e98cc05dc.jpg,2
IMG_148822585328-5360-11ec-87bd-ec2e98cc05dc.jpg,7
IMG_149021fdb4a5-5360-11ec-9fc2-ec2e98cc05dc.jpg,7
IMG_149121952247-5360-11ec-b629-ec2e98cc05dc.jpg,2
IMG_1510220de1ac-5360-11ec-97d7-ec2e98cc05dc.jpg,6
IMG_151821b27280-5360-11ec-9576-ec2e98cc05dc.jpg,7
IMG_1532226e49b1-5360-11ec-8466-ec2e98cc05dc.jpg,7
IMG_153621713695-5360-11ec-be40-ec2e98cc05dc.jpg,5
IMG_154121796d6a-5360-11ec-8eaf-ec2e98cc05dc.jpg,3
IMG_1554215a256c-5360-11ec-b52e-ec2e98cc05dc.jpg,6
IMG_15652250c18d-5360-11ec-9531-ec2e98cc05dc.jpg,7
IMG_156821cbdb9f-5360-11ec-8977-ec2e98cc05dc.jpg,6
IMG_157022830064-5360-11ec-b4a3-ec2e98cc05dc.jpg,7
IMG_157621fb62f2-5360-11ec-9088-ec2e98cc05dc.jpg,5
IMG_15932180a05b-5360-11ec-b948-ec2e98cc05dc.jpg,3
IMG_1594213ab1cd-5360-11ec-9a7d-ec2e98cc05dc.jpg,7
IMG_162921fc5541-5360-11ec-ac33-ec2e98cc05dc.jpg,3
IMG_1630217445b5-5360-11ec-96c1-ec2e98cc05dc.jpg,3
IMG_16492139eaff-5360-11ec-9dd6-ec2e98cc05dc.jpg,3
IMG_1657225e7e0e-5360-11ec-8829-ec2e98cc05dc.jpg,7
IMG_1660217f2dc9-5360-11ec-905a-ec2e98cc05dc.jpg,3
IMG_16882169390a-5360-11ec-aa18-ec2e98cc05dc.jpg,0
IMG_16912234af34-5360-11ec-8925-ec2e98cc05dc.jpg,7
IMG_1693215a9aa1-5360-11ec-bb3c-ec2e98cc05dc.jpg,5
IMG_174222807ad4-5360-11ec-aade-ec2e98cc05dc.jpg,7
IMG_176322450d99-5360-11ec-a827-ec2e98cc05dc.jpg,7
IMG_177622538585-5360-11ec-a6f9-ec2e98cc05dc.jpg,7
IMG_178522271d59-5360-11ec-90f7-ec2e98cc05dc.jpg,2
IMG_179022188b73-5360-11ec-a1ff-ec2e98cc05dc.jpg,6
IMG_181221c657c1-5360-11ec-a10b-ec2e98cc05dc.jpg,6
IMG_1812224fbb38-5360-11ec-8e25-ec2e98cc05dc.jpg,7
IMG_18242265515d-5360-11ec-8696-ec2e98cc05dc.jpg,7
IMG_185021963782-5360-11ec-8442-ec2e98cc05dc.jpg,2
IMG_18521f28c1f-5360-11ec-9779-ec2e98cc05dc.jpg,4
IMG_18602187be8d-5360-11ec-8b16-ec2e98cc05dc.jpg,7
IMG_1860226004c9-5360-11ec-a4bb-ec2e98cc05dc.jpg,7
IMG_1874227355b1-5360-11ec-a287-ec2e98cc05dc.jpg,7
IMG_1886222c648d-5360-11ec-b2ce-ec2e98cc05dc.jpg,7
IMG_189021e76a9f-5360-11ec-a9a5-ec2e98cc05dc.jpg,3
IMG_190225fddc1-5360-11ec-bf36-ec2e98cc05dc.jpg,7
IMG_190521c15fc2-5360-11ec-a215-ec2e98cc05dc.jpg,3
IMG_191822564e3c-5360-11ec-8319-ec2e98cc05dc.jpg,7
IMG_19272252fece-5360-11ec-86a2-ec2e98cc05dc.jpg,7
IMG_193322174192-5360-11ec-938f-ec2e98cc05dc.jpg,6
IMG_1933222ad8d3-5360-11ec-b7d8-ec2e98cc05dc.jpg,3
IMG_193421edf738-5360-11ec-9b81-ec2e98cc05dc.jpg,3
IMG_19382192c461-5360-11ec-b17f-ec2e98cc05dc.jpg,6
IMG_1962266f9cd-5360-11ec-9439-ec2e98cc05dc.jpg,7
IMG_196522302e98-5360-11ec-adbe-ec2e98cc05dc.jpg,7
IMG_196621c56e16-5360-11ec-bc9d-ec2e98cc05dc.jpg,3
IMG_1966227e4575-5360-11ec-9044-ec2e98cc05dc.jpg,7
IMG_1971221b06e5-5360-11ec-9f33-ec2e98cc05dc.jpg,6
IMG_198221acfbb6-5360-11ec-bc08-ec2e98cc05dc.jpg,3
IMG_198322515dd8-5360-11ec-817b-ec2e98cc05dc.jpg,7
IMG_198522121b9f-5360-11ec-9cfe-ec2e98cc05dc.jpg,6
IMG_2011215336c6-5360-11ec-b85a-ec2e98cc05dc.jpg,7
IMG_201721ea4c98-5360-11ec-92a0-ec2e98cc05dc.jpg,3
IMG_20182276022f-5360-11ec-b89f-ec2e98cc05dc.jpg,7
IMG_20321b87990-5360-11ec-a22e-ec2e98cc05dc.jpg,6
IMG_203321d89542-5360-11ec-b941-ec2e98cc05dc.jpg,3
IMG_203521b3c9d4-5360-11ec-b0d5-ec2e98cc05dc.jpg,6
IMG_206022021e10-5360-11ec-bfda-ec2e98cc05dc.jpg,5
IMG_206921977017-5360-11ec-8ecd-ec2e98cc05dc.jpg,2
IMG_2070214c6bb8-5360-11ec-b65c-ec2e98cc05dc.jpg,3
IMG_2074214bf672-5360-11ec-9cae-ec2e98cc05dc.jpg,7
IMG_2095214bcf5e-5360-11ec-8a84-ec2e98cc05dc.jpg,7
IMG_20972140b23f-5360-11ec-b98e-ec2e98cc05dc.jpg,7
IMG_210521d25e32-5360-11ec-8f77-ec2e98cc05dc.jpg,6
IMG_21072241f97b-5360-11ec-8345-ec2e98cc05dc.jpg,7
IMG_210821cdb79c-5360-11ec-ae63-ec2e98cc05dc.jpg,0
IMG_2114227aae20-5360-11ec-aaf0-ec2e98cc05dc.jpg,7
IMG_2120222ee3c0-5360-11ec-aa09-ec2e98cc05dc.jpg,7
IMG_21212174f93e-5360-11ec-a026-ec2e98cc05dc.jpg,5
IMG_21352224e780-5360-11ec-b21c-ec2e98cc05dc.jpg,6
IMG_21382231d101-5360-11ec-bb49-ec2e98cc05dc.jpg,7
IMG_215621ddf7a4-5360-11ec-9b25-ec2e98cc05dc.jpg,3
IMG_215821ae0cef-5360-11ec-a5ba-ec2e98cc05dc.jpg,3
IMG_21972200978f-5360-11ec-8d75-ec2e98cc05dc.jpg,5
IMG_221121c1fc0c-5360-11ec-b1fc-ec2e98cc05dc.jpg,2
IMG_2225224247a5-5360-11ec-8eff-ec2e98cc05dc.jpg,7
IMG_223222488214-5360-11ec-a62c-ec2e98cc05dc.jpg,3
IMG_2237213ec6e4-5360-11ec-b9ed-ec2e98cc05dc.jpg,7
IMG_22442234af33-5360-11ec-aa89-ec2e98cc05dc.jpg,7
IMG_2250226bd866-5360-11ec-b0fc-ec2e98cc05dc.jpg,7
IMG_2259217716bf-5360-11ec-a2a0-ec2e98cc05dc.jpg,5
IMG_226222181646-5360-11ec-a752-ec2e98cc05dc.jpg,6
IMG_2266213e2a9a-5360-11ec-92b8-ec2e98cc05dc.jpg,7
IMG_2269219fa0a4-5360-11ec-9f10-ec2e98cc05dc.jpg,3
IMG_22721fca30f-5360-11ec-b6ad-ec2e98cc05dc.jpg,5
IMG_228922247235-5360-11ec-b84d-ec2e98cc05dc.jpg,6
IMG_2293216c7f01-5360-11ec-911a-ec2e98cc05dc.jpg,0
IMG_2310217fb5f1-5360-11ec-a304-ec2e98cc05dc.jpg,3
IMG_231821a49de1-5360-11ec-8664-ec2e98cc05dc.jpg,2
IMG_2319225d2a73-5360-11ec-a383-ec2e98cc05dc.jpg,7
IMG_233022711f25-5360-11ec-b58d-ec2e98cc05dc.jpg,7
IMG_233521f592ad-5360-11ec-bb59-ec2e98cc05dc.jpg,4
IMG_2342214e6d18-5360-11ec-8640-ec2e98cc05dc.jpg,3
IMG_23521ed0d43-5360-11ec-a8b3-ec2e98cc05dc.jpg,3
IMG_23621c5bb77-5360-11ec-83e0-ec2e98cc05dc.jpg,5
IMG_2372215093dd-5360-11ec-a7bf-ec2e98cc05dc.jpg,7
IMG_2377226213fe-5360-11ec-abd2-ec2e98cc05dc.jpg,7
IMG_238227c352b-5360-11ec-ab79-ec2e98cc05dc.jpg,7
IMG_2402273169b-5360-11ec-9c2f-ec2e98cc05dc.jpg,7
IMG_242421e45f46-5360-11ec-adb0-ec2e98cc05dc.jpg,5
IMG_242422253590-5360-11ec-96b5-ec2e98cc05dc.jpg,6
IMG_244121582978-5360-11ec-bd2c-ec2e98cc05dc.jpg,3
IMG_24462185991f-5360-11ec-b1af-ec2e98cc05dc.jpg,7
IMG_245121593b00-5360-11ec-93e6-ec2e98cc05dc.jpg,5
IMG_245421e01aa5-5360-11ec-aa5b-ec2e98cc05dc.jpg,3
IMG_24572254f90a-5360-11ec-931a-ec2e98cc05dc.jpg,7
IMG_246021febedf-5360-11ec-8cea-ec2e98cc05dc.jpg,3
IMG_24642236b9e2-5360-11ec-bb91-ec2e98cc05dc.jpg,2
IMG_24672159fe4d-5360-11ec-8081-ec2e98cc05dc.jpg,5
IMG_2472183fc35-5360-11ec-adcf-ec2e98cc05dc.jpg,7
IMG_247721bf1c40-5360-11ec-b773-ec2e98cc05dc.jpg,6
IMG_24802256afd7-5360-11ec-8755-ec2e98cc05dc.jpg,7
IMG_250421b2999f-5360-11ec-b791-ec2e98cc05dc.jpg,7
IMG_25221827969-5360-11ec-bf74-ec2e98cc05dc.jpg,3
IMG_253224c4575-5360-11ec-896e-ec2e98cc05dc.jpg,7
IMG_254622274451-5360-11ec-a294-ec2e98cc05dc.jpg,7
IMG_25522146c226-5360-11ec-8e52-ec2e98cc05dc.jpg,7
IMG_255822657882-5360-11ec-9d9b-ec2e98cc05dc.jpg,7
IMG_25592148b17e-5360-11ec-bc93-ec2e98cc05dc.jpg,3
IMG_256422091853-5360-11ec-88b1-ec2e98cc05dc.jpg,7
IMG_256822064954-5360-11ec-ac10-ec2e98cc05dc.jpg,5
IMG_256822596717-5360-11ec-93fb-ec2e98cc05dc.jpg,7
IMG_257721f117f5-5360-11ec-add5-ec2e98cc05dc.jpg,3
IMG_2606225025a0-5360-11ec-ba4c-ec2e98cc05dc.jpg,7
IMG_262221357fed-5360-11ec-b441-ec2e98cc05dc.jpg,3
IMG_262621528fe9-5360-11ec-a49f-ec2e98cc05dc.jpg,7
IMG_26321a3da7e-5360-11ec-a80b-ec2e98cc05dc.jpg,2
IMG_2647213c81bf-5360-11ec-876f-ec2e98cc05dc.jpg,2
IMG_2650219db67d-5360-11ec-b3db-ec2e98cc05dc.jpg,2
IMG_2653226cc2c5-5360-11ec-850e-ec2e98cc05dc.jpg,7
IMG_2660224ba963-5360-11ec-9c77-ec2e98cc05dc.jpg,7
IMG_2667221f2986-5360-11ec-b8b5-ec2e98cc05dc.jpg,5
IMG_267121d5b3ff-5360-11ec-9998-ec2e98cc05dc.jpg,3
IMG_2708214d41dd-5360-11ec-9236-ec2e98cc05dc.jpg,3
IMG_273221c29f85-5360-11ec-9f1d-ec2e98cc05dc.jpg,6
IMG_27392240c0d7-5360-11ec-8b13-ec2e98cc05dc.jpg,7
IMG_27452227e08b-5360-11ec-a111-ec2e98cc05dc.jpg,7
IMG_276221bd5c26-5360-11ec-926e-ec2e98cc05dc.jpg,7
IMG_277121eedd88-5360-11ec-a03b-ec2e98cc05dc.jpg,3
IMG_278121dbad71-5360-11ec-a6e9-ec2e98cc05dc.jpg,3
IMG_280822444a3a-5360-11ec-9008-ec2e98cc05dc.jpg,7
IMG_280921e5d095-5360-11ec-91f0-ec2e98cc05dc.jpg,3
IMG_28392153d30f-5360-11ec-8104-ec2e98cc05dc.jpg,7
IMG_28492243c196-5360-11ec-8799-ec2e98cc05dc.jpg,7
IMG_28552181dd1d-5360-11ec-ba65-ec2e98cc05dc.jpg,3
IMG_28752248f793-5360-11ec-a205-ec2e98cc05dc.jpg,3
IMG_28882173a95f-5360-11ec-9fdd-ec2e98cc05dc.jpg,3
IMG_2904216636b2-5360-11ec-8c62-ec2e98cc05dc.jpg,0
IMG_2917223b277b-5360-11ec-bff3-ec2e98cc05dc.jpg,7
IMG_2918225a5128-5360-11ec-9c53-ec2e98cc05dc.jpg,7
IMG_2919218af215-5360-11ec-8a61-ec2e98cc05dc.jpg,4
IMG_292142f127-5360-11ec-b237-ec2e98cc05dc.jpg,3
IMG_2929225ea536-5360-11ec-8768-ec2e98cc05dc.jpg,7
IMG_2934221a549d-5360-11ec-89b6-ec2e98cc05dc.jpg,6
IMG_295215e8f7e-5360-11ec-aa64-ec2e98cc05dc.jpg,5
IMG_29552144196d-5360-11ec-8380-ec2e98cc05dc.jpg,3
IMG_2957224993ec-5360-11ec-885e-ec2e98cc05dc.jpg,7
IMG_2957225c037a-5360-11ec-afc1-ec2e98cc05dc.jpg,7
IMG_29772162d54b-5360-11ec-829c-ec2e98cc05dc.jpg,6
IMG_2978227f3007-5360-11ec-8a20-ec2e98cc05dc.jpg,7
IMG_2982260c831-5360-11ec-b282-ec2e98cc05dc.jpg,7
IMG_302218c199b-5360-11ec-9c86-ec2e98cc05dc.jpg,5
IMG_302722748e1c-5360-11ec-a8c9-ec2e98cc05dc.jpg,7
IMG_303821446794-5360-11ec-ae7e-ec2e98cc05dc.jpg,7
IMG_3051221c6a18-5360-11ec-ac71-ec2e98cc05dc.jpg,6
IMG_309721af4585-5360-11ec-9c42-ec2e98cc05dc.jpg,7
IMG_31022632e6e-5360-11ec-b382-ec2e98cc05dc.jpg,7
IMG_3116220a1f48-5360-11ec-8134-ec2e98cc05dc.jpg,3
IMG_311921f4cf53-5360-11ec-b530-ec2e98cc05dc.jpg,5
IMG_3128225cb52a-5360-11ec-89f5-ec2e98cc05dc.jpg,7
IMG_314421a68326-5360-11ec-b9d5-ec2e98cc05dc.jpg,2
IMG_31612155813e-5360-11ec-88c3-ec2e98cc05dc.jpg,7
IMG_3184224b1a9f-5360-11ec-a66a-ec2e98cc05dc.jpg,7
IMG_320322591688-5360-11ec-8421-ec2e98cc05dc.jpg,7
IMG_3209213d1e04-5360-11ec-8089-ec2e98cc05dc.jpg,3
IMG_321221759593-5360-11ec-a3ee-ec2e98cc05dc.jpg,5
IMG_3226225448d8-5360-11ec-881d-ec2e98cc05dc.jpg,7
IMG_322722036d9f-5360-11ec-8561-ec2e98cc05dc.jpg,5
IMG_323621818ef4-5360-11ec-af71-ec2e98cc05dc.jpg,6
IMG_32632261c5cb-5360-11ec-8b6e-ec2e98cc05dc.jpg,7
IMG_32682246bfbf-5360-11ec-91af-ec2e98cc05dc.jpg,7
IMG_327821376a27-5360-11ec-a92d-ec2e98cc05dc.jpg,7
IMG_32822004942-5360-11ec-b94b-ec2e98cc05dc.jpg,5
IMG_330421ca2dd9-5360-11ec-8806-ec2e98cc05dc.jpg,2
IMG_3316218833b9-5360-11ec-af8f-ec2e98cc05dc.jpg,7
IMG_3320225c673a-5360-11ec-9ff0-ec2e98cc05dc.jpg,7
IMG_332821fbb0f9-5360-11ec-a4d0-ec2e98cc05dc.jpg,5
IMG_334921645bf5-5360-11ec-86ba-ec2e98cc05dc.jpg,5
IMG_3362214a987-5360-11ec-bb1e-ec2e98cc05dc.jpg,5
IMG_3365215698d5-5360-11ec-b07f-ec2e98cc05dc.jpg,7
IMG_337621aacc78-5360-11ec-a116-ec2e98cc05dc.jpg,3
IMG_339921a33e36-5360-11ec-9f48-ec2e98cc05dc.jpg,2
IMG_3407223d884b-5360-11ec-ae02-ec2e98cc05dc.jpg,7
IMG_3412213805ee-5360-11ec-87c8-ec2e98cc05dc.jpg,3
IMG_34162278c4a4-5360-11ec-b7e1-ec2e98cc05dc.jpg,7
IMG_342421702520-5360-11ec-b4af-ec2e98cc05dc.jpg,3
IMG_343022167e28-5360-11ec-80e5-ec2e98cc05dc.jpg,6
IMG_344321da4341-5360-11ec-a0c8-ec2e98cc05dc.jpg,3
IMG_346121e39a56-5360-11ec-8121-ec2e98cc05dc.jpg,0
IMG_346821f02dce-5360-11ec-b0ef-ec2e98cc05dc.jpg,3
IMG_348722813e3f-5360-11ec-9e5c-ec2e98cc05dc.jpg,7
IMG_349226dfba6-5360-11ec-81de-ec2e98cc05dc.jpg,7
IMG_3497214f093b-5360-11ec-a34a-ec2e98cc05dc.jpg,3
IMG_350621df7e5c-5360-11ec-9661-ec2e98cc05dc.jpg,3
IMG_3521b508e9-5360-11ec-a01a-ec2e98cc05dc.jpg,6
IMG_35312178c4d7-5360-11ec-bcf3-ec2e98cc05dc.jpg,3
IMG_354021680e6c-5360-11ec-8817-ec2e98cc05dc.jpg,0
IMG_354921b021a5-5360-11ec-9efd-ec2e98cc05dc.jpg,7
IMG_355121b6cbc6-5360-11ec-9190-ec2e98cc05dc.jpg,6
IMG_356621a16936-5360-11ec-80fc-ec2e98cc05dc.jpg,2
IMG_35682266367e-5360-11ec-b807-ec2e98cc05dc.jpg,5
IMG_3577223541a3-5360-11ec-baec-ec2e98cc05dc.jpg,7
IMG_3584219065a6-5360-11ec-9f9e-ec2e98cc05dc.jpg,2
IMG_358521a20574-5360-11ec-903f-ec2e98cc05dc.jpg,2
IMG_35902211cdba-5360-11ec-a7d2-ec2e98cc05dc.jpg,6
IMG_3594217df519-5360-11ec-a529-ec2e98cc05dc.jpg,3
IMG_359421912900-5360-11ec-bbc4-ec2e98cc05dc.jpg,2
IMG_360215fef27-5360-11ec-baa6-ec2e98cc05dc.jpg,5
IMG_361022789d86-5360-11ec-b346-ec2e98cc05dc.jpg,7
IMG_36182167722c-5360-11ec-87c1-ec2e98cc05dc.jpg,0
IMG_36221ad499d-5360-11ec-8e41-ec2e98cc05dc.jpg,7
IMG_3622214ebb1e-5360-11ec-ad19-ec2e98cc05dc.jpg,7
IMG_363122455bd0-5360-11ec-ae64-ec2e98cc05dc.jpg,7
IMG_3635214d1abf-5360-11ec-af53-ec2e98cc05dc.jpg,7
IMG_363721709a51-5360-11ec-b43b-ec2e98cc05dc.jpg,3
IMG_364221bce6f8-5360-11ec-bce8-ec2e98cc05dc.jpg,6
IMG_364221e8ca53-5360-11ec-8a0f-ec2e98cc05dc.jpg,3
IMG_36522199ba16-5360-11ec-910b-ec2e98cc05dc.jpg,2
IMG_3653216ffe49-5360-11ec-8d0b-ec2e98cc05dc.jpg,3
IMG_3669219e2b3e-5360-11ec-9467-ec2e98cc05dc.jpg,3
IMG_369321e08fe0-5360-11ec-bce6-ec2e98cc05dc.jpg,3
IMG_3693226bff5c-5360-11ec-a59d-ec2e98cc05dc.jpg,7
IMG_3714227cf885-5360-11ec-a243-ec2e98cc05dc.jpg,7
IMG_3719218f8645-5360-11ec-ae6a-ec2e98cc05dc.jpg,2
IMG_371922472286-5360-11ec-b959-ec2e98cc05dc.jpg,7
IMG_372021d4f0a4-5360-11ec-a806-ec2e98cc05dc.jpg,3
IMG_372921422dcd-5360-11ec-8be3-ec2e98cc05dc.jpg,7
IMG_37362143b9a2-5360-11ec-8c2f-ec2e98cc05dc.jpg,3
IMG_3741213691ca-5360-11ec-b1ba-ec2e98cc05dc.jpg,7
IMG_3742256fe05-5360-11ec-9206-ec2e98cc05dc.jpg,7
IMG_375721aa5735-5360-11ec-927f-ec2e98cc05dc.jpg,7
IMG_376216be2bb-5360-11ec-a431-ec2e98cc05dc.jpg,3
IMG_37632175e3a5-5360-11ec-9890-ec2e98cc05dc.jpg,5
IMG_3764221a2dbd-5360-11ec-8650-ec2e98cc05dc.jpg,6
IMG_3765226efd98-5360-11ec-b99d-ec2e98cc05dc.jpg,7
IMG_3768227de2e3-5360-11ec-99a9-ec2e98cc05dc.jpg,7
IMG_378521d3b9c9-5360-11ec-aa71-ec2e98cc05dc.jpg,6
IMG_37912172beee-5360-11ec-b93e-ec2e98cc05dc.jpg,3
IMG_379421efa0e0-5360-11ec-8366-ec2e98cc05dc.jpg,6
IMG_38121f23dfd-5360-11ec-aaf4-ec2e98cc05dc.jpg,5
IMG_3822229dc80-5360-11ec-ba3e-ec2e98cc05dc.jpg,3
IMG_3826225f1a5e-5360-11ec-b43b-ec2e98cc05dc.jpg,7
IMG_3839224945bb-5360-11ec-a8de-ec2e98cc05dc.jpg,7
IMG_386622146a0f-5360-11ec-b620-ec2e98cc05dc.jpg,6
IMG_387222203af7-5360-11ec-989a-ec2e98cc05dc.jpg,5
IMG_387321767a6b-5360-11ec-b6c8-ec2e98cc05dc.jpg,3
IMG_38921784fa4-5360-11ec-bf2b-ec2e98cc05dc.jpg,0
IMG_389621aea946-5360-11ec-a431-ec2e98cc05dc.jpg,7
IMG_391721bb874a-5360-11ec-9587-ec2e98cc05dc.jpg,6
IMG_392223ded0d-5360-11ec-b23d-ec2e98cc05dc.jpg,7
IMG_396224d340a-5360-11ec-9b0a-ec2e98cc05dc.jpg,7
IMG_3965227939d4-5360-11ec-b6e9-ec2e98cc05dc.jpg,7
IMG_3965227975d0-5360-11ec-85cc-ec2e98cc05dc.jpg,2
IMG_396621608b74-5360-11ec-8c34-ec2e98cc05dc.jpg,5
IMG_396621e149b7-5360-11ec-97d4-ec2e98cc05dc.jpg,3
IMG_3972222cc5e7-5360-11ec-8bd1-ec2e98cc05dc.jpg,7
IMG_39792171d479-5360-11ec-83cd-ec2e98cc05dc.jpg,5
IMG_40272206fc1d-5360-11ec-a208-ec2e98cc05dc.jpg,5
IMG_404219ce191-5360-11ec-ae1a-ec2e98cc05dc.jpg,2
IMG_4044213bea5d-5360-11ec-8fc9-ec2e98cc05dc.jpg,7
IMG_40482245ae26-5360-11ec-8589-ec2e98cc05dc.jpg,7
IMG_40532191d9eb-5360-11ec-a2a9-ec2e98cc05dc.jpg,3
IMG_405821e4ad71-5360-11ec-89ba-ec2e98cc05dc.jpg,5
IMG_406321c3b106-5360-11ec-af70-ec2e98cc05dc.jpg,2
IMG_406521488a5f-5360-11ec-a22b-ec2e98cc05dc.jpg,3
IMG_4070222e2026-5360-11ec-b57a-ec2e98cc05dc.jpg,7
IMG_407121b306bc-5360-11ec-ac3a-ec2e98cc05dc.jpg,3
IMG_407224bf750-5360-11ec-b84f-ec2e98cc05dc.jpg,7
IMG_4082276b51a-5360-11ec-a55f-ec2e98cc05dc.jpg,7
IMG_408921c5092f-5360-11ec-a925-ec2e98cc05dc.jpg,7
IMG_409215b5df7-5360-11ec-8b0c-ec2e98cc05dc.jpg,6
IMG_4107218e26a9-5360-11ec-b39d-ec2e98cc05dc.jpg,2
IMG_41112164f83b-5360-11ec-aa9f-ec2e98cc05dc.jpg,0
IMG_411122464a6d-5360-11ec-b924-ec2e98cc05dc.jpg,7
IMG_412221515738-5360-11ec-bd33-ec2e98cc05dc.jpg,7
IMG_4137228450f5-5360-11ec-b96b-ec2e98cc05dc.jpg,7
IMG_414222c168a-5360-11ec-90ac-ec2e98cc05dc.jpg,7
IMG_41432154213d-5360-11ec-ab65-ec2e98cc05dc.jpg,3
IMG_414521991e0c-5360-11ec-9cfa-ec2e98cc05dc.jpg,2
IMG_4159224e6c27-5360-11ec-9f89-ec2e98cc05dc.jpg,7
IMG_416021c6ccff-5360-11ec-8178-ec2e98cc05dc.jpg,6
IMG_4162225e08d1-5360-11ec-9e2c-ec2e98cc05dc.jpg,7
IMG_416421d2fa82-5360-11ec-8c0b-ec2e98cc05dc.jpg,6
IMG_417521436675-5360-11ec-bc26-ec2e98cc05dc.jpg,7
IMG_418621dff390-5360-11ec-869e-ec2e98cc05dc.jpg,5
IMG_418721730d14-5360-11ec-97bc-ec2e98cc05dc.jpg,3
IMG_418921ad97ba-5360-11ec-94d1-ec2e98cc05dc.jpg,3
IMG_4200223ca245-5360-11ec-9d69-ec2e98cc05dc.jpg,7
IMG_4202216b0986-5360-11ec-9158-ec2e98cc05dc.jpg,0
IMG_420421be31d4-5360-11ec-a8f2-ec2e98cc05dc.jpg,6
IMG_421215ce18f-5360-11ec-9a8a-ec2e98cc05dc.jpg,5
IMG_424227fb781-5360-11ec-8553-ec2e98cc05dc.jpg,7
IMG_42462202f863-5360-11ec-bf79-ec2e98cc05dc.jpg,5
IMG_4255226d385f-5360-11ec-b8f1-ec2e98cc05dc.jpg,7
IMG_42852216f381-5360-11ec-b208-ec2e98cc05dc.jpg,6
IMG_4293215b8509-5360-11ec-9b86-ec2e98cc05dc.jpg,2
IMG_429621640dd6-5360-11ec-a986-ec2e98cc05dc.jpg,5
IMG_4332274670d-5360-11ec-9d86-ec2e98cc05dc.jpg,5
IMG_433421c07505-5360-11ec-91eb-ec2e98cc05dc.jpg,6
IMG_4336219437ca-5360-11ec-94c8-ec2e98cc05dc.jpg,2
IMG_433721a598b1-5360-11ec-8d38-ec2e98cc05dc.jpg,2
IMG_434721d06126-5360-11ec-9a87-ec2e98cc05dc.jpg,6
IMG_435214b5a25-5360-11ec-9f9d-ec2e98cc05dc.jpg,3
IMG_4359224e450c-5360-11ec-a1a3-ec2e98cc05dc.jpg,7
IMG_436221ceda72-5360-11ec-8572-ec2e98cc05dc.jpg,2
IMG_437221b096a7-5360-11ec-9603-ec2e98cc05dc.jpg,7
IMG_439121cd1ba1-5360-11ec-8b9d-ec2e98cc05dc.jpg,3
IMG_43942269f321-5360-11ec-8b68-ec2e98cc05dc.jpg,7
IMG_441922777867-5360-11ec-beaa-ec2e98cc05dc.jpg,7
IMG_443121f87c6f-5360-11ec-9ae1-ec2e98cc05dc.jpg,5
IMG_4438217d50b5-5360-11ec-a021-ec2e98cc05dc.jpg,0
IMG_44522385566-5360-11ec-bc19-ec2e98cc05dc.jpg,7
IMG_445521ee4555-5360-11ec-a36d-ec2e98cc05dc.jpg,3
IMG_446022439a81-5360-11ec-b777-ec2e98cc05dc.jpg,7
IMG_44682189b5da-5360-11ec-b24d-ec2e98cc05dc.jpg,5
IMG_4483215268d9-5360-11ec-a759-ec2e98cc05dc.jpg,7
IMG_448822215eb0-5360-11ec-9424-ec2e98cc05dc.jpg,5
IMG_449121f7e026-5360-11ec-bc39-ec2e98cc05dc.jpg,5
IMG_4497224f9425-5360-11ec-a261-ec2e98cc05dc.jpg,7
IMG_449921748426-5360-11ec-b7bd-ec2e98cc05dc.jpg,2
IMG_45072223ad56-5360-11ec-88e1-ec2e98cc05dc.jpg,3
IMG_452321ce2cf7-5360-11ec-86fd-ec2e98cc05dc.jpg,6
IMG_452421c9c7e3-5360-11ec-a988-ec2e98cc05dc.jpg,3
IMG_453227565f1-5360-11ec-a330-ec2e98cc05dc.jpg,7
IMG_453922130616-5360-11ec-92ca-ec2e98cc05dc.jpg,6
IMG_454821debb03-5360-11ec-bb60-ec2e98cc05dc.jpg,3
IMG_4582219c51ff-5360-11ec-8784-ec2e98cc05dc.jpg,2
IMG_45862193e999-5360-11ec-89c0-ec2e98cc05dc.jpg,2
IMG_4593218eea01-5360-11ec-ad54-ec2e98cc05dc.jpg,2
IMG_459721c3d0b2-5360-11ec-86f1-ec2e98cc05dc.jpg,2
IMG_460121d392b5-5360-11ec-b7f7-ec2e98cc05dc.jpg,3
IMG_46022145fedb-5360-11ec-b737-ec2e98cc05dc.jpg,3
IMG_46142190dae6-5360-11ec-b54f-ec2e98cc05dc.jpg,2
IMG_46312263f1bd-5360-11ec-a875-ec2e98cc05dc.jpg,7
IMG_4650221058bb-5360-11ec-b7be-ec2e98cc05dc.jpg,6
IMG_4654214a701a-5360-11ec-9267-ec2e98cc05dc.jpg,7
IMG_46542155fcd6-5360-11ec-acc6-ec2e98cc05dc.jpg,3
IMG_46872177b362-5360-11ec-9db0-ec2e98cc05dc.jpg,5
IMG_471221b8eebe-5360-11ec-9872-ec2e98cc05dc.jpg,2
IMG_4720219b83af-5360-11ec-bbcf-ec2e98cc05dc.jpg,2
IMG_4724222f0adb-5360-11ec-983a-ec2e98cc05dc.jpg,7
IMG_4731222b7513-5360-11ec-a0b1-ec2e98cc05dc.jpg,7
IMG_47442161c3ab-5360-11ec-8680-ec2e98cc05dc.jpg,5
IMG_475226c74aa-5360-11ec-95ab-ec2e98cc05dc.jpg,7
IMG_475421bc23a4-5360-11ec-bfc6-ec2e98cc05dc.jpg,6
IMG_4762213a7872-5360-11ec-bb34-ec2e98cc05dc.jpg,7
IMG_478221dd0d42-5360-11ec-98bf-ec2e98cc05dc.jpg,3
IMG_479622824fce-5360-11ec-b473-ec2e98cc05dc.jpg,7
IMG_479721506cd3-5360-11ec-a508-ec2e98cc05dc.jpg,7
IMG_480721d0d65e-5360-11ec-b3fc-ec2e98cc05dc.jpg,7
IMG_48082273cab2-5360-11ec-97fb-ec2e98cc05dc.jpg,7
IMG_481021f3bde2-5360-11ec-976b-ec2e98cc05dc.jpg,7
IMG_482021bb121a-5360-11ec-b62f-ec2e98cc05dc.jpg,6
IMG_48242198e1c5-5360-11ec-b699-ec2e98cc05dc.jpg,2
IMG_483021654c7b-5360-11ec-8f10-ec2e98cc05dc.jpg,5
IMG_484321abc2b6-5360-11ec-b3ac-ec2e98cc05dc.jpg,7
IMG_48452213a6cc-5360-11ec-8cd3-ec2e98cc05dc.jpg,6
IMG_484721626006-5360-11ec-a7b6-ec2e98cc05dc.jpg,5
IMG_4852221e6619-5360-11ec-95fe-ec2e98cc05dc.jpg,6
IMG_4870219e5290-5360-11ec-9e43-ec2e98cc05dc.jpg,2
IMG_489022398e21-5360-11ec-a1d1-ec2e98cc05dc.jpg,7
IMG_48921a0cd19-5360-11ec-b11c-ec2e98cc05dc.jpg,2
IMG_490121a40193-5360-11ec-9d40-ec2e98cc05dc.jpg,2
IMG_49182219913a-5360-11ec-a0c8-ec2e98cc05dc.jpg,6
IMG_4925222cecfd-5360-11ec-b0c2-ec2e98cc05dc.jpg,7
IMG_495021b132eb-5360-11ec-a65f-ec2e98cc05dc.jpg,7
IMG_49521ff5f11-5360-11ec-bf26-ec2e98cc05dc.jpg,7
IMG_496321e0d4a0-5360-11ec-84d9-ec2e98cc05dc.jpg,3
IMG_49652229193c-5360-11ec-8944-ec2e98cc05dc.jpg,7
IMG_4971215e1a56-5360-11ec-934b-ec2e98cc05dc.jpg,5
IMG_497222274f4-5360-11ec-a010-ec2e98cc05dc.jpg,6
IMG_49722281b383-5360-11ec-b098-ec2e98cc05dc.jpg,7
IMG_4982225d517c-5360-11ec-9439-ec2e98cc05dc.jpg,7
IMG_4984217c8d5a-5360-11ec-99a9-ec2e98cc05dc.jpg,0
IMG_49842238cab7-5360-11ec-925e-ec2e98cc05dc.jpg,7
IMG_49972284ed51-5360-11ec-9161-ec2e98cc05dc.jpg,7
IMG_500822238641-5360-11ec-a7bd-ec2e98cc05dc.jpg,3
IMG_502221f18d49-5360-11ec-9f64-ec2e98cc05dc.jpg,3
IMG_50232144b5bf-5360-11ec-811e-ec2e98cc05dc.jpg,3
IMG_502821417560-5360-11ec-8351-ec2e98cc05dc.jpg,3
IMG_5028224da8c3-5360-11ec-995b-ec2e98cc05dc.jpg,7
IMG_50352244bf84-5360-11ec-8b35-ec2e98cc05dc.jpg,7
IMG_5037223439f9-5360-11ec-a9bc-ec2e98cc05dc.jpg,7
IMG_504722559551-5360-11ec-b245-ec2e98cc05dc.jpg,7
IMG_505521c314bd-5360-11ec-b862-ec2e98cc05dc.jpg,2
IMG_505721afe1cf-5360-11ec-be76-ec2e98cc05dc.jpg,3
IMG_50712139280c-5360-11ec-bbe0-ec2e98cc05dc.jpg,7
IMG_507222853b6c-5360-11ec-9ad4-ec2e98cc05dc.jpg,7
IMG_507521b999fc-5360-11ec-b34f-ec2e98cc05dc.jpg,6
IMG_507521bcbfe2-5360-11ec-a114-ec2e98cc05dc.jpg,6
IMG_5084224b41ae-5360-11ec-8384-ec2e98cc05dc.jpg,7
IMG_50942171fb99-5360-11ec-9c5d-ec2e98cc05dc.jpg,5
IMG_510221948642-5360-11ec-8e8e-ec2e98cc05dc.jpg,2
IMG_510921c630b2-5360-11ec-8d17-ec2e98cc05dc.jpg,6
IMG_511721b5f359-5360-11ec-83d4-ec2e98cc05dc.jpg,6
IMG_5119215bf2d9-5360-11ec-b8ea-ec2e98cc05dc.jpg,5
IMG_51302257733e-5360-11ec-b9f4-ec2e98cc05dc.jpg,7
IMG_514221b1d632-5360-11ec-9245-ec2e98cc05dc.jpg,7
IMG_51521e6e290-5360-11ec-92a4-ec2e98cc05dc.jpg,5
IMG_5165216911f3-5360-11ec-ad75-ec2e98cc05dc.jpg,0
IMG_517221d7f8f4-5360-11ec-8fc3-ec2e98cc05dc.jpg,3
IMG_5190215fc811-5360-11ec-a78e-ec2e98cc05dc.jpg,5
IMG_52212144dccf-5360-11ec-b718-ec2e98cc05dc.jpg,7
IMG_52221800414-5360-11ec-9ffa-ec2e98cc05dc.jpg,0
IMG_525321bde3b0-5360-11ec-bc0f-ec2e98cc05dc.jpg,6
IMG_5265221bca52-5360-11ec-8978-ec2e98cc05dc.jpg,6
IMG_52921f791fb-5360-11ec-9b8c-ec2e98cc05dc.jpg,5
IMG_53112154e4ff-5360-11ec-92ed-ec2e98cc05dc.jpg,7
IMG_5318217adf61-5360-11ec-83d0-ec2e98cc05dc.jpg,0
IMG_53192163bfaf-5360-11ec-9801-ec2e98cc05dc.jpg,5
IMG_532122263721-5360-11ec-8e01-ec2e98cc05dc.jpg,7
IMG_53227d469b-5360-11ec-a690-ec2e98cc05dc.jpg,7
IMG_53472269a4f1-5360-11ec-ac72-ec2e98cc05dc.jpg,7
IMG_535721de6cd8-5360-11ec-b25f-ec2e98cc05dc.jpg,3
IMG_536221d2d377-5360-11ec-ad7c-ec2e98cc05dc.jpg,6
IMG_53772283276f-5360-11ec-86e3-ec2e98cc05dc.jpg,7
IMG_53832239dc45-5360-11ec-a131-ec2e98cc05dc.jpg,3
IMG_539522165767-5360-11ec-94b8-ec2e98cc05dc.jpg,6
IMG_53982268e1ac-5360-11ec-8175-ec2e98cc05dc.jpg,7
IMG_540021df3031-5360-11ec-aaea-ec2e98cc05dc.jpg,6
IMG_54132231aa33-5360-11ec-8dbc-ec2e98cc05dc.jpg,7
IMG_54142251bfac-5360-11ec-97e8-ec2e98cc05dc.jpg,7
IMG_5416222185c0-5360-11ec-aa7e-ec2e98cc05dc.jpg,3
IMG_541821d82010-5360-11ec-872e-ec2e98cc05dc.jpg,3
IMG_54219f79e0-5360-11ec-b137-ec2e98cc05dc.jpg,2
IMG_5432227fde9a-5360-11ec-b7e2-ec2e98cc05dc.jpg,7
IMG_543621891993-5360-11ec-8b30-ec2e98cc05dc.jpg,7
IMG_5450221f508c-5360-11ec-966b-ec2e98cc05dc.jpg,6
IMG_545121d7225f-5360-11ec-bd15-ec2e98cc05dc.jpg,3
IMG_5479219cbaad-5360-11ec-8059-ec2e98cc05dc.jpg,2
IMG_548421eeb6b2-5360-11ec-be1b-ec2e98cc05dc.jpg,6
IMG_55121f1c916-5360-11ec-8a61-ec2e98cc05dc.jpg,3
IMG_5520227afd11-5360-11ec-8fdb-ec2e98cc05dc.jpg,7
IMG_5545219685a8-5360-11ec-a8d5-ec2e98cc05dc.jpg,2
IMG_554921c4e21d-5360-11ec-bc61-ec2e98cc05dc.jpg,6
IMG_556421f40bf4-5360-11ec-8fc9-ec2e98cc05dc.jpg,4
IMG_5566217a09b1-5360-11ec-8660-ec2e98cc05dc.jpg,0
IMG_55772237a451-5360-11ec-8977-ec2e98cc05dc.jpg,7
IMG_55832158eccc-5360-11ec-836a-ec2e98cc05dc.jpg,0
IMG_558622692fc1-5360-11ec-becb-ec2e98cc05dc.jpg,7
IMG_560522222202-5360-11ec-9fcd-ec2e98cc05dc.jpg,3
IMG_5611216f02d0-5360-11ec-bf89-ec2e98cc05dc.jpg,3
IMG_561521e61eb4-5360-11ec-8aa5-ec2e98cc05dc.jpg,3
IMG_5619213f162d-5360-11ec-b394-ec2e98cc05dc.jpg,7
IMG_561921c445d3-5360-11ec-9a7a-ec2e98cc05dc.jpg,6
IMG_56221a7e37e-5360-11ec-a699-ec2e98cc05dc.jpg,2
IMG_562821e9dc07-5360-11ec-8c70-ec2e98cc05dc.jpg,3
IMG_563121c7de73-5360-11ec-9c39-ec2e98cc05dc.jpg,5
IMG_56352197a964-5360-11ec-8484-ec2e98cc05dc.jpg,2
IMG_5650223beae2-5360-11ec-b21b-ec2e98cc05dc.jpg,7
IMG_5650225de213-5360-11ec-ae51-ec2e98cc05dc.jpg,7
IMG_565921f966dc-5360-11ec-82a8-ec2e98cc05dc.jpg,5
IMG_5680217d29a5-5360-11ec-b428-ec2e98cc05dc.jpg,0
IMG_57021778ca1-5360-11ec-b52b-ec2e98cc05dc.jpg,5
IMG_5708227b71ef-5360-11ec-b6e1-ec2e98cc05dc.jpg,7
IMG_5710224f1efa-5360-11ec-917e-ec2e98cc05dc.jpg,7
IMG_5711219a566e-5360-11ec-9e59-ec2e98cc05dc.jpg,2
IMG_57121a476ca-5360-11ec-bd9d-ec2e98cc05dc.jpg,2
IMG_573021c09c17-5360-11ec-90e4-ec2e98cc05dc.jpg,5
IMG_574722294058-5360-11ec-a20f-ec2e98cc05dc.jpg,7
IMG_57652204e9d1-5360-11ec-819d-ec2e98cc05dc.jpg,5
IMG_577821f3489b-5360-11ec-bcdd-ec2e98cc05dc.jpg,4
IMG_57942262b91e-5360-11ec-bc11-ec2e98cc05dc.jpg,7
IMG_579721a22c82-5360-11ec-b966-ec2e98cc05dc.jpg,2
IMG_5809224d0314-5360-11ec-9a82-ec2e98cc05dc.jpg,7
IMG_5824217270ce-5360-11ec-ba09-ec2e98cc05dc.jpg,0
IMG_58462270f80a-5360-11ec-82b4-ec2e98cc05dc.jpg,7
IMG_5887216a9453-5360-11ec-84b1-ec2e98cc05dc.jpg,0
IMG_5894214abe35-5360-11ec-91c5-ec2e98cc05dc.jpg,7
IMG_590521986ca3-5360-11ec-98e4-ec2e98cc05dc.jpg,2
IMG_5945216ce1aa-5360-11ec-ae10-ec2e98cc05dc.jpg,3
IMG_59622167e75c-5360-11ec-aa2e-ec2e98cc05dc.jpg,3
IMG_5970224a7e61-5360-11ec-9128-ec2e98cc05dc.jpg,7
IMG_597322362c15-5360-11ec-8ced-ec2e98cc05dc.jpg,7
IMG_6020214625e1-5360-11ec-954f-ec2e98cc05dc.jpg,4
IMG_602121b43f0c-5360-11ec-9de5-ec2e98cc05dc.jpg,6
IMG_602421c8dd80-5360-11ec-9264-ec2e98cc05dc.jpg,6
IMG_603122370806-5360-11ec-a888-ec2e98cc05dc.jpg,7
IMG_60322147d3ab-5360-11ec-acbb-ec2e98cc05dc.jpg,7
IMG_60421bd833f-5360-11ec-ac7d-ec2e98cc05dc.jpg,6
IMG_6053217e434d-5360-11ec-a4fb-ec2e98cc05dc.jpg,0
IMG_605621d12485-5360-11ec-8842-ec2e98cc05dc.jpg,6
IMG_605822442329-5360-11ec-85dd-ec2e98cc05dc.jpg,7
IMG_60602186d4cc-5360-11ec-928d-ec2e98cc05dc.jpg,1
IMG_6072273f1cb-5360-11ec-90dc-ec2e98cc05dc.jpg,7
IMG_607721cc50d4-5360-11ec-b168-ec2e98cc05dc.jpg,2
IMG_608022096699-5360-11ec-8014-ec2e98cc05dc.jpg,3
IMG_6083218a55cc-5360-11ec-9abc-ec2e98cc05dc.jpg,1
IMG_608421b4e1cb-5360-11ec-8cb5-ec2e98cc05dc.jpg,6
IMG_610221553326-5360-11ec-a7d9-ec2e98cc05dc.jpg,7
IMG_6113213fb2b9-5360-11ec-9f02-ec2e98cc05dc.jpg,7
IMG_6119214027f0-5360-11ec-aacc-ec2e98cc05dc.jpg,7
IMG_61221ef52c4-5360-11ec-b20e-ec2e98cc05dc.jpg,3
IMG_61242151f3a4-5360-11ec-87be-ec2e98cc05dc.jpg,7
IMG_61272137070c-5360-11ec-974d-ec2e98cc05dc.jpg,7
IMG_6129227a3929-5360-11ec-b214-ec2e98cc05dc.jpg,7
IMG_6150218140e0-5360-11ec-99f3-ec2e98cc05dc.jpg,0
IMG_617521d19b06-5360-11ec-a880-ec2e98cc05dc.jpg,2
IMG_6182221d545f-5360-11ec-be4c-ec2e98cc05dc.jpg,6
IMG_6189214ff79a-5360-11ec-a27a-ec2e98cc05dc.jpg,7
IMG_61902222c2e5-5360-11ec-ab84-ec2e98cc05dc.jpg,3
IMG_6215223f4c8f-5360-11ec-9b39-ec2e98cc05dc.jpg,7
IMG_6221d23722-5360-11ec-8910-ec2e98cc05dc.jpg,3
IMG_623321fac684-5360-11ec-95db-ec2e98cc05dc.jpg,5
IMG_62472138c949-5360-11ec-b968-ec2e98cc05dc.jpg,3
IMG_626921ec972e-5360-11ec-9140-ec2e98cc05dc.jpg,3
IMG_6272223ffd7e-5360-11ec-be31-ec2e98cc05dc.jpg,7
IMG_6283216f77fb-5360-11ec-af28-ec2e98cc05dc.jpg,3
IMG_62892243254a-5360-11ec-83f5-ec2e98cc05dc.jpg,7
IMG_629121d03a16-5360-11ec-a56b-ec2e98cc05dc.jpg,2
IMG_630321752052-5360-11ec-a363-ec2e98cc05dc.jpg,0
IMG_6312216edbb0-5360-11ec-9ec5-ec2e98cc05dc.jpg,3
IMG_63142160645a-5360-11ec-94d3-ec2e98cc05dc.jpg,5
IMG_6318213f8ba8-5360-11ec-977a-ec2e98cc05dc.jpg,3
IMG_63242196d3cc-5360-11ec-a97d-ec2e98cc05dc.jpg,2
IMG_63272258c861-5360-11ec-ad0c-ec2e98cc05dc.jpg,7
IMG_63282151091c-5360-11ec-994e-ec2e98cc05dc.jpg,7
IMG_632921e693fa-5360-11ec-be88-ec2e98cc05dc.jpg,3
IMG_6330216dcbd7-5360-11ec-af89-ec2e98cc05dc.jpg,0
IMG_634219ae75e-5360-11ec-88ea-ec2e98cc05dc.jpg,2
IMG_6363227f08ea-5360-11ec-8cbd-ec2e98cc05dc.jpg,7
IMG_636521ca7bf7-5360-11ec-ac79-ec2e98cc05dc.jpg,5
IMG_637721b15a03-5360-11ec-becf-ec2e98cc05dc.jpg,7
IMG_6378213afff1-5360-11ec-8556-ec2e98cc05dc.jpg,7
IMG_63782264b50c-5360-11ec-b403-ec2e98cc05dc.jpg,7
IMG_64022149d407-5360-11ec-8463-ec2e98cc05dc.jpg,7
IMG_6404222f800f-5360-11ec-b02b-ec2e98cc05dc.jpg,7
IMG_640821c25196-5360-11ec-86a8-ec2e98cc05dc.jpg,2
IMG_64172264dc22-5360-11ec-8e1a-ec2e98cc05dc.jpg,7
IMG_644221ab74c3-5360-11ec-9be6-ec2e98cc05dc.jpg,7
IMG_644421a895e2-5360-11ec-a4cf-ec2e98cc05dc.jpg,2
IMG_6462235ddf1-5360-11ec-8704-ec2e98cc05dc.jpg,7
IMG_64652138541b-5360-11ec-84d1-ec2e98cc05dc.jpg,3
IMG_6515216d2f8d-5360-11ec-8553-ec2e98cc05dc.jpg,0
IMG_6515225421c5-5360-11ec-bccb-ec2e98cc05dc.jpg,7
IMG_65312220e9a1-5360-11ec-9edb-ec2e98cc05dc.jpg,3
IMG_65342173f77c-5360-11ec-8fbf-ec2e98cc05dc.jpg,3
IMG_654022268549-5360-11ec-9f09-ec2e98cc05dc.jpg,7
IMG_654822700f07-5360-11ec-9e73-ec2e98cc05dc.jpg,7
IMG_6560215d2faf-5360-11ec-8b20-ec2e98cc05dc.jpg,5
IMG_656222554747-5360-11ec-a997-ec2e98cc05dc.jpg,7
IMG_656321ebfade-5360-11ec-a7e7-ec2e98cc05dc.jpg,3
IMG_658121e32520-5360-11ec-a827-ec2e98cc05dc.jpg,5
IMG_6582221c3f67-5360-11ec-8677-ec2e98cc05dc.jpg,6
IMG_66092180f2a9-5360-11ec-8179-ec2e98cc05dc.jpg,3
IMG_661021ec7033-5360-11ec-ac67-ec2e98cc05dc.jpg,3
IMG_66152157db59-5360-11ec-a88f-ec2e98cc05dc.jpg,5
IMG_665521fe709f-5360-11ec-bf7c-ec2e98cc05dc.jpg,6
IMG_666021c92ba0-5360-11ec-b622-ec2e98cc05dc.jpg,2
IMG_666021e20d11-5360-11ec-9e89-ec2e98cc05dc.jpg,0
IMG_666521a5130f-5360-11ec-8bea-ec2e98cc05dc.jpg,2
IMG_6667216c57e5-5360-11ec-bd59-ec2e98cc05dc.jpg,0
IMG_667021857211-5360-11ec-be7d-ec2e98cc05dc.jpg,7
IMG_667521b76812-5360-11ec-b77f-ec2e98cc05dc.jpg,6
IMG_6686218f1161-5360-11ec-bd4d-ec2e98cc05dc.jpg,2
IMG_6691222855c5-5360-11ec-87c0-ec2e98cc05dc.jpg,7
IMG_67052161003f-5360-11ec-8f89-ec2e98cc05dc.jpg,5
IMG_67092204265e-5360-11ec-86c0-ec2e98cc05dc.jpg,5
IMG_6712222daaf0-5360-11ec-91d8-ec2e98cc05dc.jpg,7
IMG_67162233452c-5360-11ec-a67e-ec2e98cc05dc.jpg,3
IMG_673621d5db28-5360-11ec-b0f6-ec2e98cc05dc.jpg,3
IMG_67432136439e-5360-11ec-b531-ec2e98cc05dc.jpg,7
IMG_674521d42ef9-5360-11ec-b753-ec2e98cc05dc.jpg,3
IMG_6749216a6d3d-5360-11ec-af69-ec2e98cc05dc.jpg,0
IMG_6751224ef7e2-5360-11ec-af76-ec2e98cc05dc.jpg,7
IMG_676121d65f11-5360-11ec-b6c6-ec2e98cc05dc.jpg,3
IMG_677022635582-5360-11ec-9417-ec2e98cc05dc.jpg,7
IMG_677322418444-5360-11ec-ab86-ec2e98cc05dc.jpg,7
IMG_678821b7dd3f-5360-11ec-ab4c-ec2e98cc05dc.jpg,6
IMG_6793213e51b0-5360-11ec-83b9-ec2e98cc05dc.jpg,7
IMG_679921cd908d-5360-11ec-83c9-ec2e98cc05dc.jpg,3
IMG_681225b401e-5360-11ec-8356-ec2e98cc05dc.jpg,7
IMG_6832182c788-5360-11ec-96fb-ec2e98cc05dc.jpg,1
IMG_684122259b02-5360-11ec-a48b-ec2e98cc05dc.jpg,6
IMG_68472195bea1-5360-11ec-8d4a-ec2e98cc05dc.jpg,2
IMG_6851215f2bc9-5360-11ec-a420-ec2e98cc05dc.jpg,6
IMG_6860214fa581-5360-11ec-b78d-ec2e98cc05dc.jpg,7
IMG_688622324f83-5360-11ec-b20d-ec2e98cc05dc.jpg,7
IMG_688821b80450-5360-11ec-b0a5-ec2e98cc05dc.jpg,2
IMG_6904224aa577-5360-11ec-9cb5-ec2e98cc05dc.jpg,7
IMG_690721a5e6d2-5360-11ec-893b-ec2e98cc05dc.jpg,2
IMG_6936225ac658-5360-11ec-8076-ec2e98cc05dc.jpg,7
IMG_69372145934f-5360-11ec-87c7-ec2e98cc05dc.jpg,7
IMG_694021b740f6-5360-11ec-a06c-ec2e98cc05dc.jpg,6
IMG_694214db701-5360-11ec-a7cf-ec2e98cc05dc.jpg,7
IMG_694521ba847d-5360-11ec-b7cd-ec2e98cc05dc.jpg,2
IMG_7020227047aa-5360-11ec-8ff5-ec2e98cc05dc.jpg,7
IMG_702522305582-5360-11ec-a8ba-ec2e98cc05dc.jpg,6
IMG_70262249e20c-5360-11ec-bd1e-ec2e98cc05dc.jpg,7
IMG_7030218db176-5360-11ec-8234-ec2e98cc05dc.jpg,2
IMG_7064217edf97-5360-11ec-baad-ec2e98cc05dc.jpg,6
IMG_7065221eb443-5360-11ec-bd20-ec2e98cc05dc.jpg,3
IMG_707621f054a0-5360-11ec-aa0c-ec2e98cc05dc.jpg,3
IMG_70912247e5da-5360-11ec-8b7b-ec2e98cc05dc.jpg,7
IMG_7102214206fe-5360-11ec-b574-ec2e98cc05dc.jpg,7
IMG_710321b8a0a2-5360-11ec-a1b1-ec2e98cc05dc.jpg,6
IMG_7113218b569e-5360-11ec-840d-ec2e98cc05dc.jpg,5
IMG_712215f52e5-5360-11ec-b7b8-ec2e98cc05dc.jpg,5
IMG_713521dd5b5f-5360-11ec-9ffc-ec2e98cc05dc.jpg,3
IMG_7141223c545f-5360-11ec-898f-ec2e98cc05dc.jpg,7
IMG_7168226b3e05-5360-11ec-b346-ec2e98cc05dc.jpg,7
IMG_71721eb370c-5360-11ec-a181-ec2e98cc05dc.jpg,3
IMG_7178214f575d-5360-11ec-a849-ec2e98cc05dc.jpg,7
IMG_718021a6350f-5360-11ec-aa02-ec2e98cc05dc.jpg,2
IMG_7204220eab67-5360-11ec-b625-ec2e98cc05dc.jpg,6
IMG_7225225a2a1a-5360-11ec-b64e-ec2e98cc05dc.jpg,7
IMG_7228216e410b-5360-11ec-b2c1-ec2e98cc05dc.jpg,0
IMG_723221735b34-5360-11ec-b701-ec2e98cc05dc.jpg,3
IMG_7266216b59f4-5360-11ec-b3e4-ec2e98cc05dc.jpg,3
IMG_727221cb1847-5360-11ec-b270-ec2e98cc05dc.jpg,6
IMG_727221cf76b7-5360-11ec-94cb-ec2e98cc05dc.jpg,3
IMG_727521aa7e51-5360-11ec-8c9a-ec2e98cc05dc.jpg,3
IMG_72982202702b-5360-11ec-9aea-ec2e98cc05dc.jpg,5
IMG_730121e82de7-5360-11ec-a370-ec2e98cc05dc.jpg,3
IMG_73082162393b-5360-11ec-bf00-ec2e98cc05dc.jpg,5
IMG_731221f30177-5360-11ec-8fb9-ec2e98cc05dc.jpg,7
IMG_7314220b7ed1-5360-11ec-89db-ec2e98cc05dc.jpg,3
IMG_7321222d5cc7-5360-11ec-952f-ec2e98cc05dc.jpg,7
IMG_73212242d736-5360-11ec-9b62-ec2e98cc05dc.jpg,3
IMG_7346226ec31b-5360-11ec-88c0-ec2e98cc05dc.jpg,7
IMG_7362218ba46e-5360-11ec-8cb4-ec2e98cc05dc.jpg,1
IMG_7366222b4e08-5360-11ec-9473-ec2e98cc05dc.jpg,7
IMG_7366223b9ca7-5360-11ec-b797-ec2e98cc05dc.jpg,7
IMG_73672217c83f-5360-11ec-8ecc-ec2e98cc05dc.jpg,6
IMG_7372222a8aa6-5360-11ec-a130-ec2e98cc05dc.jpg,2
IMG_7376214e0526-5360-11ec-a370-ec2e98cc05dc.jpg,7
IMG_738522510fac-5360-11ec-a9ae-ec2e98cc05dc.jpg,7
IMG_73862212b7eb-5360-11ec-96ba-ec2e98cc05dc.jpg,6
IMG_7414219992ff-5360-11ec-a779-ec2e98cc05dc.jpg,2
IMG_74182252b0df-5360-11ec-bdca-ec2e98cc05dc.jpg,7
IMG_7419222e473d-5360-11ec-ba98-ec2e98cc05dc.jpg,7
IMG_7421218acb07-5360-11ec-a708-ec2e98cc05dc.jpg,1
IMG_742221e57151-5360-11ec-8890-ec2e98cc05dc.jpg,5
IMG_7438227a11f2-5360-11ec-995f-ec2e98cc05dc.jpg,7
IMG_745321f607ef-5360-11ec-83e8-ec2e98cc05dc.jpg,5
IMG_7484220d939b-5360-11ec-87ed-ec2e98cc05dc.jpg,3
IMG_748621db1129-5360-11ec-a883-ec2e98cc05dc.jpg,3
IMG_75122139c3f3-5360-11ec-a664-ec2e98cc05dc.jpg,7
IMG_75182213f4e6-5360-11ec-b7f8-ec2e98cc05dc.jpg,6
IMG_75222507360-5360-11ec-86fc-ec2e98cc05dc.jpg,7
IMG_75312161275d-5360-11ec-964b-ec2e98cc05dc.jpg,5
IMG_7540218cdd70-5360-11ec-a8db-ec2e98cc05dc.jpg,5
IMG_75442246235d-5360-11ec-8e08-ec2e98cc05dc.jpg,3
IMG_754621b0bdb8-5360-11ec-aaa2-ec2e98cc05dc.jpg,7
IMG_754721a015dc-5360-11ec-98b1-ec2e98cc05dc.jpg,2
IMG_7569221ba33f-5360-11ec-a028-ec2e98cc05dc.jpg,6
IMG_757121f9dc07-5360-11ec-9dc9-ec2e98cc05dc.jpg,3
IMG_7572218c67c2-5360-11ec-b711-ec2e98cc05dc.jpg,5
IMG_7579223efe67-5360-11ec-8937-ec2e98cc05dc.jpg,7
IMG_758421c1adf6-5360-11ec-be78-ec2e98cc05dc.jpg,5
IMG_7591226f4bba-5360-11ec-960c-ec2e98cc05dc.jpg,7
IMG_759215d7dde-5360-11ec-8436-ec2e98cc05dc.jpg,5
IMG_760621ea73b7-5360-11ec-a5bb-ec2e98cc05dc.jpg,3
IMG_7615215623a7-5360-11ec-ab29-ec2e98cc05dc.jpg,7
IMG_763121469b2b-5360-11ec-9c41-ec2e98cc05dc.jpg,7
IMG_76332194d41f-5360-11ec-8f54-ec2e98cc05dc.jpg,2
IMG_7639217cb483-5360-11ec-a2cd-ec2e98cc05dc.jpg,5
IMG_764722526286-5360-11ec-9d1f-ec2e98cc05dc.jpg,7
IMG_76602151cc8f-5360-11ec-9f5f-ec2e98cc05dc.jpg,7
IMG_766121dbd47b-5360-11ec-8085-ec2e98cc05dc.jpg,3
IMG_7670223d3a17-5360-11ec-a89c-ec2e98cc05dc.jpg,7
IMG_7675223ad981-5360-11ec-911f-ec2e98cc05dc.jpg,7
IMG_7677226aa1b6-5360-11ec-ac96-ec2e98cc05dc.jpg,7
IMG_7678217a30c7-5360-11ec-bfe9-ec2e98cc05dc.jpg,3
IMG_76842228a3f4-5360-11ec-8f2c-ec2e98cc05dc.jpg,7
IMG_770021530fb5-5360-11ec-ba09-ec2e98cc05dc.jpg,3
IMG_770521c9a0c7-5360-11ec-809d-ec2e98cc05dc.jpg,6
IMG_770821b32d93-5360-11ec-906c-ec2e98cc05dc.jpg,3
IMG_772021bfd8c5-5360-11ec-a6b7-ec2e98cc05dc.jpg,5
IMG_7722213531d6-5360-11ec-91e9-ec2e98cc05dc.jpg,3
IMG_7725213b4e11-5360-11ec-93d3-ec2e98cc05dc.jpg,3
IMG_777621f6cead-5360-11ec-967d-ec2e98cc05dc.jpg,5
IMG_77982156e6f6-5360-11ec-a27d-ec2e98cc05dc.jpg,7
IMG_780621f0c9e4-5360-11ec-8277-ec2e98cc05dc.jpg,3
IMG_781621f8ca98-5360-11ec-bec6-ec2e98cc05dc.jpg,3
IMG_78162280f010-5360-11ec-b229-ec2e98cc05dc.jpg,7
IMG_78392176efaa-5360-11ec-92a0-ec2e98cc05dc.jpg,3
IMG_786021a2a1e9-5360-11ec-aacf-ec2e98cc05dc.jpg,2
IMG_786421a7460f-5360-11ec-ae31-ec2e98cc05dc.jpg,2
IMG_7864223faf5d-5360-11ec-b69e-ec2e98cc05dc.jpg,7
IMG_7875219baab7-5360-11ec-a4c3-ec2e98cc05dc.jpg,2
IMG_7876213c5aa8-5360-11ec-baed-ec2e98cc05dc.jpg,7
IMG_7876226f99cf-5360-11ec-b32b-ec2e98cc05dc.jpg,7
IMG_7886223918c2-5360-11ec-85ab-ec2e98cc05dc.jpg,7
IMG_7900227517c6-5360-11ec-be6f-ec2e98cc05dc.jpg,7
IMG_790521dc9805-5360-11ec-916c-ec2e98cc05dc.jpg,3
IMG_7911219b0e69-5360-11ec-85ac-ec2e98cc05dc.jpg,2
IMG_792321659a6a-5360-11ec-8edf-ec2e98cc05dc.jpg,0
IMG_7927217b7baf-5360-11ec-92a3-ec2e98cc05dc.jpg,0
IMG_7930221feccd-5360-11ec-864b-ec2e98cc05dc.jpg,3
IMG_793322772a3c-5360-11ec-9b2c-ec2e98cc05dc.jpg,7
IMG_793621a93229-5360-11ec-84aa-ec2e98cc05dc.jpg,2
IMG_794121ce53ec-5360-11ec-999c-ec2e98cc05dc.jpg,6
IMG_7941220c1b16-5360-11ec-be4d-ec2e98cc05dc.jpg,0
IMG_794421ab1a92-5360-11ec-9f21-ec2e98cc05dc.jpg,2
IMG_7956217b2d8d-5360-11ec-a8a5-ec2e98cc05dc.jpg,3
IMG_79562277ee67-5360-11ec-97b9-ec2e98cc05dc.jpg,7
IMG_7983226b16ec-5360-11ec-88e2-ec2e98cc05dc.jpg,7
IMG_799225bb54e-5360-11ec-87a6-ec2e98cc05dc.jpg,7
IMG_801421838b2b-5360-11ec-94d2-ec2e98cc05dc.jpg,5
IMG_801621717126-5360-11ec-902b-ec2e98cc05dc.jpg,3
IMG_80292142ca13-5360-11ec-85f7-ec2e98cc05dc.jpg,3
IMG_8043219eeee0-5360-11ec-bc3f-ec2e98cc05dc.jpg,3
IMG_805921660f9d-5360-11ec-8e63-ec2e98cc05dc.jpg,0
IMG_80762233e142-5360-11ec-8f73-ec2e98cc05dc.jpg,3
IMG_807822242431-5360-11ec-a12c-ec2e98cc05dc.jpg,6
IMG_80892166abe7-5360-11ec-9932-ec2e98cc05dc.jpg,3
IMG_809221e197c5-5360-11ec-8409-ec2e98cc05dc.jpg,3
IMG_81021c33bdc-5360-11ec-bf28-ec2e98cc05dc.jpg,6
IMG_8104223cf06d-5360-11ec-bfbe-ec2e98cc05dc.jpg,7
IMG_8120218a2ec2-5360-11ec-aefe-ec2e98cc05dc.jpg,7
IMG_814421cb8d82-5360-11ec-9674-ec2e98cc05dc.jpg,2
IMG_815022156c86-5360-11ec-9596-ec2e98cc05dc.jpg,6
IMG_815121a6f7f6-5360-11ec-a94a-ec2e98cc05dc.jpg,2
IMG_817421575c27-5360-11ec-bb02-ec2e98cc05dc.jpg,5
IMG_818421419c71-5360-11ec-89ec-ec2e98cc05dc.jpg,3
IMG_81912272534a-5360-11ec-b5a1-ec2e98cc05dc.jpg,7
IMG_8201223568b2-5360-11ec-bfab-ec2e98cc05dc.jpg,7
IMG_8239219d7e0d-5360-11ec-a90a-ec2e98cc05dc.jpg,2
IMG_824321b1fd53-5360-11ec-ba8a-ec2e98cc05dc.jpg,7
IMG_824522044d6e-5360-11ec-a806-ec2e98cc05dc.jpg,5
IMG_824821927638-5360-11ec-982d-ec2e98cc05dc.jpg,2
IMG_825121939b7b-5360-11ec-a0a9-ec2e98cc05dc.jpg,2
IMG_826521e261d1-5360-11ec-9f2a-ec2e98cc05dc.jpg,3
IMG_827022643fd9-5360-11ec-a28f-ec2e98cc05dc.jpg,7
IMG_8277221df14b-5360-11ec-b746-ec2e98cc05dc.jpg,3
IMG_829121acad29-5360-11ec-bbdb-ec2e98cc05dc.jpg,3
IMG_83052220b042-5360-11ec-aad8-ec2e98cc05dc.jpg,3
IMG_83052230cac0-5360-11ec-afe1-ec2e98cc05dc.jpg,3
IMG_831822053825-5360-11ec-ad64-ec2e98cc05dc.jpg,5
IMG_8325217ab853-5360-11ec-ac4b-ec2e98cc05dc.jpg,0
IMG_8341224c9394-5360-11ec-8a43-ec2e98cc05dc.jpg,7
IMG_8353226177a5-5360-11ec-b36f-ec2e98cc05dc.jpg,7
IMG_83542272a15b-5360-11ec-b095-ec2e98cc05dc.jpg,7
IMG_83602271de0e-5360-11ec-aa4c-ec2e98cc05dc.jpg,7
IMG_8364217f8edd-5360-11ec-968e-ec2e98cc05dc.jpg,0
IMG_8371220f2014-5360-11ec-81e9-ec2e98cc05dc.jpg,0
IMG_83821c112b2-5360-11ec-8557-ec2e98cc05dc.jpg,2
IMG_8384226781df-5360-11ec-a121-ec2e98cc05dc.jpg,7
IMG_838821ebacb0-5360-11ec-83fb-ec2e98cc05dc.jpg,3
IMG_83912259b4ed-5360-11ec-9f84-ec2e98cc05dc.jpg,7
IMG_840722413633-5360-11ec-abcd-ec2e98cc05dc.jpg,7
IMG_8409218d6344-5360-11ec-87fe-ec2e98cc05dc.jpg,2
IMG_841021c853bd-5360-11ec-a190-ec2e98cc05dc.jpg,7
IMG_841721822b4d-5360-11ec-9a3e-ec2e98cc05dc.jpg,3
IMG_8419227b98f8-5360-11ec-b13a-ec2e98cc05dc.jpg,7
IMG_8439214821d5-5360-11ec-9c35-ec2e98cc05dc.jpg,7
IMG_8449223a2a6b-5360-11ec-9023-ec2e98cc05dc.jpg,7
IMG_846722660f59-5360-11ec-8661-ec2e98cc05dc.jpg,7
IMG_847722194362-5360-11ec-a51d-ec2e98cc05dc.jpg,6
IMG_84822074a24-5360-11ec-99c9-ec2e98cc05dc.jpg,6
IMG_8484221dc9a1-5360-11ec-9d84-ec2e98cc05dc.jpg,0
IMG_85002278284e-5360-11ec-8da8-ec2e98cc05dc.jpg,7
IMG_850221872241-5360-11ec-960b-ec2e98cc05dc.jpg,7
IMG_85172170c165-5360-11ec-8ea5-ec2e98cc05dc.jpg,0
IMG_85182205fb81-5360-11ec-b9c7-ec2e98cc05dc.jpg,5
IMG_8521213db564-5360-11ec-8124-ec2e98cc05dc.jpg,3
IMG_85332184bf2c-5360-11ec-bb0a-ec2e98cc05dc.jpg,7
IMG_8533224072be-5360-11ec-bff8-ec2e98cc05dc.jpg,7
IMG_85412210f521-5360-11ec-984b-ec2e98cc05dc.jpg,6
IMG_854221d6ad24-5360-11ec-bdf6-ec2e98cc05dc.jpg,3
IMG_855421473769-5360-11ec-b2b9-ec2e98cc05dc.jpg,7
IMG_85721bfffdf-5360-11ec-b477-ec2e98cc05dc.jpg,6
IMG_857322114326-5360-11ec-8653-ec2e98cc05dc.jpg,6
IMG_8575215ae8be-5360-11ec-b006-ec2e98cc05dc.jpg,5
IMG_8580215c9366-5360-11ec-a86e-ec2e98cc05dc.jpg,0
IMG_858721850d43-5360-11ec-862e-ec2e98cc05dc.jpg,5
IMG_8589222a15b7-5360-11ec-8eff-ec2e98cc05dc.jpg,3
IMG_859122686c36-5360-11ec-9a5a-ec2e98cc05dc.jpg,7
IMG_8592163718d-5360-11ec-a53b-ec2e98cc05dc.jpg,5
IMG_859521b915cf-5360-11ec-a2f5-ec2e98cc05dc.jpg,6
IMG_860721b6a4a9-5360-11ec-b2fe-ec2e98cc05dc.jpg,6
IMG_8610218fad57-5360-11ec-aae7-ec2e98cc05dc.jpg,2
IMG_862521b9e81e-5360-11ec-b450-ec2e98cc05dc.jpg,6
IMG_865021a9ce6c-5360-11ec-9fbd-ec2e98cc05dc.jpg,2
IMG_86522190177d-5360-11ec-90fd-ec2e98cc05dc.jpg,2
IMG_8676219c2b1c-5360-11ec-8b85-ec2e98cc05dc.jpg,2
IMG_869021833cb6-5360-11ec-a78f-ec2e98cc05dc.jpg,1
IMG_8691213cf6fc-5360-11ec-90b9-ec2e98cc05dc.jpg,7
IMG_86922162fc54-5360-11ec-888e-ec2e98cc05dc.jpg,5
IMG_869621bea706-5360-11ec-a4c9-ec2e98cc05dc.jpg,6
IMG_87121fd666d-5360-11ec-b88e-ec2e98cc05dc.jpg,6
IMG_8716220c9032-5360-11ec-8143-ec2e98cc05dc.jpg,7
IMG_8718226d5f31-5360-11ec-95e0-ec2e98cc05dc.jpg,7
IMG_873521ae340a-5360-11ec-a52a-ec2e98cc05dc.jpg,7
IMG_874521898ed5-5360-11ec-a86b-ec2e98cc05dc.jpg,1
IMG_877121e8557c-5360-11ec-973b-ec2e98cc05dc.jpg,3
IMG_8773221ae022-5360-11ec-b5ce-ec2e98cc05dc.jpg,6
IMG_8802214974cc-5360-11ec-9790-ec2e98cc05dc.jpg,7
IMG_8809221cdf20-5360-11ec-b4cd-ec2e98cc05dc.jpg,6
IMG_8820220a4616-5360-11ec-8627-ec2e98cc05dc.jpg,7
IMG_88421cf0180-5360-11ec-a837-ec2e98cc05dc.jpg,6
IMG_885422313ff2-5360-11ec-96a4-ec2e98cc05dc.jpg,7
IMG_8865220fe38b-5360-11ec-959e-ec2e98cc05dc.jpg,6
IMG_88721c71b32-5360-11ec-ae36-ec2e98cc05dc.jpg,2
IMG_887322015ac6-5360-11ec-80f0-ec2e98cc05dc.jpg,5
IMG_888721a84810-5360-11ec-83bb-ec2e98cc05dc.jpg,2
IMG_8906226079f5-5360-11ec-a8d9-ec2e98cc05dc.jpg,7
IMG_890821c88f4e-5360-11ec-be2e-ec2e98cc05dc.jpg,7
IMG_891422839cb6-5360-11ec-ac25-ec2e98cc05dc.jpg,7
IMG_892121860e66-5360-11ec-8cdd-ec2e98cc05dc.jpg,7
IMG_8921589eb4-5360-11ec-a865-ec2e98cc05dc.jpg,5
IMG_892421b57e15-5360-11ec-9e76-ec2e98cc05dc.jpg,6
IMG_8929223a788a-5360-11ec-b128-ec2e98cc05dc.jpg,6
IMG_893021f4812c-5360-11ec-976d-ec2e98cc05dc.jpg,7
IMG_893921b3a2c5-5360-11ec-b1e6-ec2e98cc05dc.jpg,6
IMG_895121f5448d-5360-11ec-892f-ec2e98cc05dc.jpg,4
IMG_89782215baa1-5360-11ec-9998-ec2e98cc05dc.jpg,6
IMG_8984216e66bf-5360-11ec-a0b4-ec2e98cc05dc.jpg,3
IMG_900621e522be-5360-11ec-88b9-ec2e98cc05dc.jpg,5
IMG_901721782899-5360-11ec-a9a1-ec2e98cc05dc.jpg,0
IMG_903621eae8ff-5360-11ec-a7b9-ec2e98cc05dc.jpg,3
IMG_903921a1421e-5360-11ec-9017-ec2e98cc05dc.jpg,2
IMG_90402257c15e-5360-11ec-9645-ec2e98cc05dc.jpg,7
IMG_904721aed05f-5360-11ec-9714-ec2e98cc05dc.jpg,3
IMG_90552281da8a-5360-11ec-a20b-ec2e98cc05dc.jpg,7
IMG_905621d9a6ec-5360-11ec-8984-ec2e98cc05dc.jpg,3
IMG_90662201a8f5-5360-11ec-82e2-ec2e98cc05dc.jpg,5
IMG_907921ffacf0-5360-11ec-ad99-ec2e98cc05dc.jpg,5
IMG_908521a2c904-5360-11ec-9b47-ec2e98cc05dc.jpg,2
IMG_910121a9804e-5360-11ec-a46a-ec2e98cc05dc.jpg,2
IMG_91272275db15-5360-11ec-88eb-ec2e98cc05dc.jpg,7
IMG_9136218449f7-5360-11ec-bb25-ec2e98cc05dc.jpg,7
IMG_9143214b1d38-5360-11ec-b2de-ec2e98cc05dc.jpg,7
IMG_9154217da72c-5360-11ec-b596-ec2e98cc05dc.jpg,0
IMG_91592169f805-5360-11ec-8650-ec2e98cc05dc.jpg,0
IMG_916021674b13-5360-11ec-9344-ec2e98cc05dc.jpg,0
IMG_9172219a2f4b-5360-11ec-a347-ec2e98cc05dc.jpg,2
IMG_9177219ec7c8-5360-11ec-84da-ec2e98cc05dc.jpg,3
IMG_917721e791a8-5360-11ec-95a4-ec2e98cc05dc.jpg,3
IMG_918121a03cf8-5360-11ec-94cc-ec2e98cc05dc.jpg,2
IMG_918721d47d34-5360-11ec-87ce-ec2e98cc05dc.jpg,3
IMG_919321ed5ae9-5360-11ec-b65d-ec2e98cc05dc.jpg,6
IMG_920221a8e40a-5360-11ec-9070-ec2e98cc05dc.jpg,2
IMG_9222215c1e5d-5360-11ec-a2af-ec2e98cc05dc.jpg,5
IMG_92242261297b-5360-11ec-b9c5-ec2e98cc05dc.jpg,7
IMG_9243216da4d1-5360-11ec-a6f7-ec2e98cc05dc.jpg,0
IMG_9249224797b9-5360-11ec-a833-ec2e98cc05dc.jpg,3
IMG_92522196fae0-5360-11ec-98cf-ec2e98cc05dc.jpg,2
IMG_92621e2d705-5360-11ec-bb0f-ec2e98cc05dc.jpg,3
IMG_927421ddd084-5360-11ec-8c66-ec2e98cc05dc.jpg,3
IMG_927721887d99-5360-11ec-8583-ec2e98cc05dc.jpg,4
IMG_927821922813-5360-11ec-a90b-ec2e98cc05dc.jpg,2
IMG_9282214cb9ca-5360-11ec-9f48-ec2e98cc05dc.jpg,7
IMG_928421dc4a1d-5360-11ec-be31-ec2e98cc05dc.jpg,3
IMG_934621a36545-5360-11ec-bcbf-ec2e98cc05dc.jpg,2
IMG_934621a53a2e-5360-11ec-9ee7-ec2e98cc05dc.jpg,2
IMG_936621879777-5360-11ec-866c-ec2e98cc05dc.jpg,5
IMG_937321e98db3-5360-11ec-87c6-ec2e98cc05dc.jpg,3
IMG_938121575c28-5360-11ec-8849-ec2e98cc05dc.jpg,5
IMG_9388225f6878-5360-11ec-a2f4-ec2e98cc05dc.jpg,7
IMG_9399217c18c6-5360-11ec-9526-ec2e98cc05dc.jpg,3
IMG_940021689cc2-5360-11ec-8c81-ec2e98cc05dc.jpg,3
IMG_940521762c8a-5360-11ec-8428-ec2e98cc05dc.jpg,3
IMG_941221e91862-5360-11ec-85ab-ec2e98cc05dc.jpg,3
IMG_94312188cb6c-5360-11ec-bb93-ec2e98cc05dc.jpg,5
IMG_944321d8e357-5360-11ec-b3a3-ec2e98cc05dc.jpg,3
IMG_946421b5a533-5360-11ec-818f-ec2e98cc05dc.jpg,6
IMG_95021a08b2b-5360-11ec-a9a0-ec2e98cc05dc.jpg,2
IMG_950921805238-5360-11ec-be20-ec2e98cc05dc.jpg,3
IMG_951221404efe-5360-11ec-b3fc-ec2e98cc05dc.jpg,3
IMG_953021456c34-5360-11ec-adf1-ec2e98cc05dc.jpg,7
IMG_953321918bfa-5360-11ec-a7eb-ec2e98cc05dc.jpg,2
IMG_954321475e7c-5360-11ec-99f9-ec2e98cc05dc.jpg,3
IMG_954622231112-5360-11ec-b469-ec2e98cc05dc.jpg,3
IMG_957216bbb9b-5360-11ec-b012-ec2e98cc05dc.jpg,3
IMG_9572220b099e-5360-11ec-8eca-ec2e98cc05dc.jpg,6
IMG_959321cc77e2-5360-11ec-a5bd-ec2e98cc05dc.jpg,6
IMG_9594216f9f14-5360-11ec-9203-ec2e98cc05dc.jpg,3
IMG_962522380745-5360-11ec-8fe8-ec2e98cc05dc.jpg,7
IMG_964521cced2b-5360-11ec-98d9-ec2e98cc05dc.jpg,6
IMG_96502284780d-5360-11ec-be86-ec2e98cc05dc.jpg,7
IMG_966921981e6e-5360-11ec-96ef-ec2e98cc05dc.jpg,2
IMG_9672215df333-5360-11ec-a24f-ec2e98cc05dc.jpg,5
IMG_967221ac10e3-5360-11ec-8f00-ec2e98cc05dc.jpg,4
IMG_96822225c1ea-5360-11ec-876e-ec2e98cc05dc.jpg,6
IMG_970221bc4aa9-5360-11ec-8b3e-ec2e98cc05dc.jpg,6
IMG_970321d1c1e9-5360-11ec-925b-ec2e98cc05dc.jpg,6
IMG_9718218cee27-5360-11ec-9f8a-ec2e98cc05dc.jpg,6
IMG_972224dcffe-5360-11ec-902a-ec2e98cc05dc.jpg,7
IMG_9751213d8eae-5360-11ec-b68f-ec2e98cc05dc.jpg,7
IMG_97702266abad-5360-11ec-b14d-ec2e98cc05dc.jpg,7
IMG_9777227dbbdc-5360-11ec-a81b-ec2e98cc05dc.jpg,7
IMG_97842178ebf3-5360-11ec-8af4-ec2e98cc05dc.jpg,5
IMG_978821af6ca0-5360-11ec-8f7f-ec2e98cc05dc.jpg,7
IMG_978822520da7-5360-11ec-848e-ec2e98cc05dc.jpg,7
IMG_978922768dfb-5360-11ec-8b88-ec2e98cc05dc.jpg,4
IMG_9791214a21f2-5360-11ec-b0eb-ec2e98cc05dc.jpg,7
IMG_979721caf13f-5360-11ec-805a-ec2e98cc05dc.jpg,2
IMG_9814223312db-5360-11ec-be0d-ec2e98cc05dc.jpg,7
IMG_9822549726-5360-11ec-be51-ec2e98cc05dc.jpg,7
IMG_9847216875b4-5360-11ec-b7bb-ec2e98cc05dc.jpg,0
IMG_986021da1c2c-5360-11ec-84a0-ec2e98cc05dc.jpg,3
IMG_986121c79053-5360-11ec-abab-ec2e98cc05dc.jpg,7
IMG_986221d958db-5360-11ec-a383-ec2e98cc05dc.jpg,3
IMG_986721865c84-5360-11ec-bd9f-ec2e98cc05dc.jpg,5
IMG_98721bece22-5360-11ec-97fa-ec2e98cc05dc.jpg,6
IMG_98892207e668-5360-11ec-b6f4-ec2e98cc05dc.jpg,3
IMG_989121bbae61-5360-11ec-b27c-ec2e98cc05dc.jpg,6
IMG_98932169ae3b-5360-11ec-aab5-ec2e98cc05dc.jpg,0
IMG_989721baeb05-5360-11ec-b354-ec2e98cc05dc.jpg,6
IMG_9913228053c9-5360-11ec-85e6-ec2e98cc05dc.jpg,7
IMG_992021410030-5360-11ec-a4bb-ec2e98cc05dc.jpg,3
IMG_9926222fa720-5360-11ec-a89f-ec2e98cc05dc.jpg,7
IMG_993522377d3e-5360-11ec-a084-ec2e98cc05dc.jpg,7
IMG_9966220834eb-5360-11ec-a737-ec2e98cc05dc.jpg,2
IMG_999221d7709d-5360-11ec-ac1a-ec2e98cc05dc.jpg,3
IMG_99942271b745-5360-11ec-b990-ec2e98cc05dc.jpg,7
